a,b,c,d,e,f,xc,yc,rx,ry,phi[-],Dist.²,Res.²
-5.5457e-07,-4.6563e-07,-4.2483e-07,-0.00194887,-0.00140564,-0.975981,-1380.1,-898.039,2007.97,1169.3,-0.921268,0.0679659,1.9356e-07
Points (x,y)
-2611.2,-1134.6
-2594.3,-1166.4
-2476.0,-1368.2
-2466.3,-1383.4
-2238.9,-1697.3
-2202.0,-1741.8
-2122.0,-1833.2
-2082.4,-1876.1
-2028.0,-1932.8
-1996.0,-1965.0
-1949.3,-2010.3
-1861.7,-2090.3
