a,b,c,d,e,f,xc,yc,rx,ry,phi[-],Dist.²,Res.²
-0.111111,0,-0.25,0.444444,0.5,0.305556,2,1,3,2,0,0,0
Points (x,y)
-0.598077943416832,0.0
-1.0,1.0
5.0,1.0
2.0,-1.0
2.0,3.0
0.0,-0.490713232626906
